Code,Code-2,Store Name,Territory Manager,Sales Person,Number of Personel,Month,Gross Sales,Discounts,Returns,Net Sales,COGS,Gross Profit,Operating Expenses,Net Profit,Gross Profit %,Net Profit %,Store Type,Latitude,Longitude
100,44000,STORE-1,Harvey Ledford,Jim Halpert,3,January,159120.21000000002,92150.39,34957.64,32012.180000000022,19687.490700000013,12324.68930000001,31387,-19062.31069999999,0.385,-0.5954705583937107,Shopping Mall,34.146176,-98.028206
101,44001,STORE-2,Randall Bray,Andy Bernard,5,January,119709.42,32716.09,16753.9,70239.43,44953.235199999996,25286.194799999997,35935,-10648.805200000003,0.36,-0.1516072268809699,Street,34.676031,-109.433871
102,44002,STORE-3,Wally Causey,Stanley Hudson,3,January,143873.7,24345.42,39586.0,79942.28000000001,50123.80956000001,29818.470440000005,24821,4997.470440000005,0.373,0.06251348397869068,Street,35.679489,-91.919907
103,44003,STORE-4,Ingram Warwick,Ryan Howard,3,January,91140.04000000001,22908.24,54600.0,13631.800000000003,8628.9294,5002.870600000002,44406,-39403.1294,0.36700000000000005,-2.8905301867691713,Street,33.164729,-99.918756
104,44004,STORE-5,Brannon Ramsey,Dwight Schrute,4,January,82467.06,41044.21,33149.0,8273.849999999999,5063.596199999999,3210.2537999999995,26768,-23557.7462,0.388,-2.847253237610061,Street,31.510869,-109.534449
105,44005,STORE-6,Brannon Ramsey,Dwight Schrute,4,January,149579.62,65283.07,59607.33,24689.219999999987,15332.00561999999,9357.214379999996,35617,-26259.785620000002,0.37900000000000006,-1.0636134158956831,Street,34.049425,-87.678941
106,44006,STORE-7,Brannon Ramsey,Dwight Schrute,2,January,213682.38,31872.06,29885.07,151925.25,94041.72975,57883.52025,26276,31607.52025,0.381,0.20804652452439606,Street,37.622968,-97.812133
107,44007,STORE-8,Kelsey Coombs,Andy Bernard,5,January,148811.11000000002,26111.63,23426.0,99273.48000000001,61351.01064000001,37922.46936,43576,-5653.530639999997,0.382,-0.056949052657366266,Shopping Mall,31.182153,-89.723029
108,44008,STORE-9,Randall Bray,Andy Bernard,5,January,262938.69,35373.91,28772.01,198792.77,122058.76078,76734.00921999999,28949,47785.00921999999,0.386,0.24037599164194953,Street,38.455399,-93.149199
109,44009,STORE-10,Randall Bray,Andy Bernard,5,January,216706.33,14718.8,31565.2,170422.33,107706.91256,62715.41743999999,43790,18925.41743999999,0.368,0.1110501038214886,Shopping Mall,36.383816,-94.109348
110,44010,STORE-11,Randall Bray,Andy Bernard,4,January,188832.93,78353.2,26692.0,83787.73,51948.39259999999,31839.337400000004,38866,-7026.662599999996,0.38000000000000006,-0.08386266819736012,Street,33.932914,-87.485309
111,44011,STORE-12,Randall Bray,Andy Bernard,2,January,359355.18,73297.36,100628.42,185429.40000000002,113297.36340000002,72132.0366,34214,37918.03660000001,0.389,0.2044877274046079,Street,36.522866,-93.76559
112,44012,STORE-13,Randall Bray,Andy Bernard,5,January,285142.6099999999,49665.77,40948.479999999996,194528.35999999993,122358.33843999995,72170.02155999998,24727,47443.02155999998,0.37100000000000005,0.24388742885613182,Shopping Mall,36.464718,-89.618455
113,44013,STORE-14,Randall Bray,Andy Bernard,2,January,390816.0399999999,37239.68,61045.76,292530.5999999999,181661.50259999995,110869.09739999997,30142,80727.09739999997,0.379,0.2759612067934089,Street,39.73203,-87.447292
114,44014,STORE-15,Randall Bray,Andy Bernard,4,January,270987.44,35535.83,22672.0,212779.61,128944.44365999999,83835.16634,43699,40136.166339999996,0.394,0.18862787811294512,Shopping Mall,34.972523,-104.025447
115,44015,STORE-16,Randall Bray,Andy Bernard,4,January,241338.06000000003,92823.22,15831.27,132683.57000000004,81467.71198000002,51215.858020000014,37614,13601.858020000014,0.386,0.10251350653287375,Street,39.600952,-95.834131
116,44016,STORE-17,Randall Bray,Andy Bernard,5,January,370001.1400000001,97946.01999999999,44630.46,227424.66000000012,137819.3439600001,89605.31604000003,29594,60011.316040000034,0.39399999999999996,0.26387339015918504,Street,37.112439,-102.380621
117,44017,STORE-18,Harvey Ledford,Jim Halpert,5,January,275226.29000000004,26791.05,46336.92,202098.32000000007,122471.58192000004,79626.73808000002,40717,38909.738080000025,0.394,0.1925287557066284,Street,38.70457,-93.939762
118,44018,STORE-19,Randall Bray,Andy Bernard,4,January,148120.47000000003,45990.97,55921.66,46207.840000000026,28787.484320000014,17420.35568000001,40733,-23312.64431999999,0.37700000000000006,-0.5045170758901515,Street,40.561655,-89.745724
119,44019,STORE-20,Harvey Ledford,Jim Halpert,2,January,211144.50000000003,37087.96,82763.39,91293.15000000004,55688.82150000002,35604.32850000002,28772,6832.328500000018,0.39,0.07483944304693195,Street,36.58899,-107.689702
120,44020,STORE-21,Harvey Ledford,Jim Halpert,3,January,180677.95,19343.379999999997,50324.07,111010.5,69936.61499999999,41073.88500000001,34018,7055.885000000009,0.3700000000000001,0.06356051904999986,Street,30.912985,-110.089665
121,44021,STORE-22,Wally Causey,Stanley Hudson,3,January,254513.65000000002,46893.54,17501.27,190118.84000000003,115972.49240000002,74146.34760000001,44638,29508.34760000001,0.39,0.15521001285301345,Street,37.061937,-107.874561
122,44022,STORE-23,Harvey Ledford,Jim Halpert,3,January,186123.89,39008.47,54622.88,92492.54000000001,58917.74798000001,33574.79202,37336,-3761.207979999999,0.363,-0.0406649874681785,Street,32.664399,-91.057562
123,44023,STORE-24,Harvey Ledford,Jim Halpert,4,January,119077.44,22016.91,16897.0,80163.53,48899.7533,31263.776700000002,43027,-11763.223299999998,0.39,-0.14674033566136618,Street,31.067691,-105.976465
124,44024,STORE-25,Ingram Warwick,Ryan Howard,3,January,165807.28000000003,33703.32,57168.0,74935.96000000002,45411.191760000016,29524.768240000005,32170,-2645.231759999995,0.39399999999999996,-0.03529989820641511,Street,38.603775,-110.312988
125,44025,STORE-26,Wally Causey,Stanley Hudson,3,January,154485.38,35770.86,26511.65,92202.87,58272.21384,33930.65616,27367,6563.656159999999,0.368,0.07118711337293512,Street,32.388619,-108.142988
126,44026,STORE-27,Wally Causey,Stanley Hudson,5,January,195027.2,28325.76,79911.56,86789.88,54070.09524,32719.784760000002,35029,-2309.2152399999977,0.377,-0.02660696431427256,Street,39.004355,-106.244147
127,44027,STORE-28,Wally Causey,Stanley Hudson,3,January,178839.83000000002,92853.4,21323.63,64662.80000000002,41254.86640000001,23407.933600000004,41994,-18586.066399999996,0.362,-0.2874305845091767,Street,37.62875,-89.605427
128,44028,STORE-29,Wally Causey,Stanley Hudson,2,January,184731.72,73401.88,60675.25,50654.59,32418.937599999997,18235.6524,24594,-6358.347600000001,0.36,-0.12552362184749696,Shopping Mall,33.868401,-87.419234
129,44029,STORE-30,Wally Causey,Phyllis Vance,4,January,203987.97999999998,42162.23,90881.73,70944.01999999997,43701.51631999998,27242.503679999994,40843,-13600.496320000006,0.38400000000000006,-0.19170743806172824,Street,30.750162,-89.643874
130,44030,STORE-31,Harvey Ledford,Jim Halpert,3,January,110212.83,29824.510000000002,48425.66,31962.660000000003,20136.4758,11826.184200000003,38785,-26958.815799999997,0.37000000000000005,-0.843447191191221,Street,30.979927,-104.578738
131,44031,STORE-32,Ingram Warwick,Ryan Howard,5,January,162055.99,43826.08,33608.0,84621.90999999999,52127.09655999999,32494.813439999998,24659,7835.813439999998,0.384,0.0925979269435067,Street,37.289158,-94.424026
132,44032,STORE-33,Ingram Warwick,Ryan Howard,2,January,115282.57999999999,46018.1,45248.0,24016.47999999998,15322.514239999988,8693.965759999994,36007,-27313.034240000008,0.36200000000000004,-1.1372621733076633,Shopping Mall,30.525761,-89.811436
133,44033,STORE-34,Brannon Ramsey,Dwight Schrute,3,January,153752.69,34278.619999999995,21958.44,97515.63,62019.94068000001,35495.68932,34866,629.6893199999977,0.36399999999999993,0.006457316842438465,Street,33.186391,-102.625034
134,44034,STORE-35,Brannon Ramsey,Dwight Schrute,4,January,232342.88999999996,34800.39,42781.46,154761.03999999995,97189.93311999997,57571.10687999998,43787,13784.106879999978,0.372,0.08906703444226002,Street,31.005534,-102.320489
135,44035,STORE-36,Brannon Ramsey,Dwight Schrute,5,January,175116.13,86499.94,44132.05,44484.14,27357.7461,17126.3939,35313,-18186.6061,0.385,-0.40883348762053173,Street,34.354906,-88.256374
136,44036,STORE-37,Brannon Ramsey,Dwight Schrute,2,January,173566.48,47341.630000000005,39414.19,86810.66,54169.85184,32640.80816,25704,6936.8081600000005,0.376,0.0799073311964222,Street,34.623301,-108.233001
137,44037,STORE-38,Brannon Ramsey,Dwight Schrute,3,January,162980.10000000003,36696.64,14716.21,111567.25000000003,68613.85875000001,42953.391250000015,43837,-883.6087499999849,0.385,-0.007919965312401127,Street,33.471611,-88.783256
138,44038,STORE-39,Brannon Ramsey,Dwight Schrute,3,January,146935.53000000003,42974.92,35289.51,68671.10000000003,42576.082000000024,26095.01800000001,40784,-14688.981999999989,0.37999999999999995,-0.21390340332395988,Street,33.218826,-93.529274
139,44039,STORE-40,Brannon Ramsey,Pam Beesly,5,January,183453.07,32002.27,77442.0,74008.80000000002,44923.341600000014,29085.458400000003,38085,-8999.541599999997,0.39299999999999996,-0.12160096637156655,Street,32.310005,-105.562153
140,44040,STORE-41,Harvey Ledford,Jim Halpert,3,January,174951.90999999997,40737.74,30648.0,103566.16999999998,64211.02539999999,39355.14459999999,32002,7353.144599999992,0.38,0.07099948371171777,Street,37.490538,-105.381795
141,44041,STORE-42,Ingram Warwick,Ryan Howard,2,January,214980.48000000004,60522.62,52528.0,101929.86000000004,62177.21460000003,39752.645400000016,39849,-96.3545999999842,0.39,-0.0009453029759874502,Street,30.696574,-98.601352
142,44042,STORE-43,Ingram Warwick,Ryan Howard,4,January,46185.69,14943.76,24962.88,6279.049999999999,3905.5690999999997,2373.4808999999996,42813,-40439.5191,0.37799999999999995,-6.440388131962638,Shopping Mall,39.646168,-106.05719
143,44043,STORE-44,Randall Bray,Andy Bernard,5,January,91924.65999999999,47740.82,39994.79,4189.049999999988,2601.400049999993,1587.6499499999954,41777,-40189.35005000001,0.37899999999999995,-9.593905551378025,Street,32.175478,-97.905375
144,44044,STORE-45,Randall Bray,Andy Bernard,2,January,214250.80999999997,42748.729999999996,68027.53,103474.54999999996,64361.170099999974,39113.379899999985,24903,14210.379899999985,0.378,0.1373321256289589,Street,32.07916,-102.261017
145,44045,STORE-46,Wally Causey,Phyllis Vance,4,January,318778.12,82077.1,42072.14,194628.88,120669.9056,73958.9744,38223,35735.97440000001,0.38,0.18361085158584894,Street,40.567432,-98.948544
146,44046,STORE-47,Wally Causey,Phyllis Vance,3,January,108151.68,19091.620000000003,44854.31,44205.75,28114.857,16090.893,42079,-25988.107,0.364,-0.5878897428501948,Street,33.898039,-109.707136
147,44047,STORE-48,Harvey Ledford,Jim Halpert,3,January,305510.63999999996,33358.14,53424.49,218728.00999999995,134080.27012999996,84647.73986999999,32438,52209.73986999999,0.38700000000000007,0.23869709174421694,Street,39.260631,-109.04824
148,44048,STORE-49,Wally Causey,Phyllis Vance,4,January,118920.18000000001,54702.79,34883.03,29334.360000000008,18011.297040000005,11323.062960000003,31787,-20463.937039999997,0.386,-0.6976098009296945,Street,36.895034,-92.069637
149,44049,STORE-50,Harvey Ledford,Jim Halpert,5,January,225940.51,71483.18,44240.2,110217.13000000002,69987.87755,40229.252450000015,40158,71.2524500000145,0.36500000000000005,0.0006464734656038901,Street,39.482407,-87.021234
150,44050,STORE-51,Ingram Warwick,Ryan Howard,4,January,239415.77,31444.24,69243.12,138728.41,85456.70056,53271.709440000006,27732,25539.709440000006,0.384,0.18409862435531413,Street,34.760347,-104.026985
151,44051,STORE-52,Harvey Ledford,Jim Halpert,3,January,212714.96000000002,43762.58,50814.13,118138.25,74190.821,43947.429000000004,24492,19455.429000000004,0.37200000000000005,0.16468357200144748,Street,36.283212,-100.3628
152,44052,STORE-53,Ingram Warwick,Ryan Howard,5,January,163535.24,51482.79,22844.83,89207.61999999998,54773.478679999986,34434.141319999995,41563,-7128.858680000005,0.386,-0.07991311370037679,Street,38.170782,-93.930379
153,44053,STORE-54,Wally Causey,Phyllis Vance,3,January,210990.25999999998,62353.76,34968.94,113667.55999999997,69791.88183999999,43875.67815999998,40138,3737.6781599999813,0.38599999999999995,0.032882540629885805,Street,34.024513,-101.414346
154,44054,STORE-55,Harvey Ledford,Jim Halpert,5,January,959924.93,90499.67,102557.37,766867.89,485427.37437000003,281440.51563,31697,249743.51562999998,0.367,0.3256669354482947,Street,31.052989,-91.608034
155,44055,STORE-56,Harvey Ledford,Jim Halpert,4,January,232646.32,78260.2,89177.86,65208.259999999995,41537.66162,23670.598379999996,39985,-16314.401620000004,0.363,-0.25018918799550866,Street,32.781247,-92.479227
156,44056,STORE-57,Harvey Ledford,Jim Halpert,5,January,197345.43,38032.74,23476.629999999997,135836.06,83810.84902,52025.21098,36100,15925.210980000003,0.383,0.11723846363034973,Street,34.785672,-91.537932
157,44057,STORE-58,Randall Bray,Andy Bernard,5,January,148592.84000000003,21526.49,77781.15,49285.200000000026,30556.824000000015,18728.37600000001,39323,-20594.62399999999,0.38,-0.4178662965758479,Street,34.052069,-98.989176
158,44058,STORE-59,Harvey Ledford,Jim Halpert,3,January,884976.87,125464.77,93100.16,666411.94,420505.93413999997,245906.00585999998,26591,219315.00585999998,0.369,0.3290982539418486,Street,31.727831,-103.346182
159,44059,STORE-60,Randall Bray,Andy Bernard,5,January,153361.28999999998,88881.75,38018.39,26461.14999999998,16564.67989999999,9896.470099999991,30311,-20414.52990000001,0.37399999999999994,-0.7714906532784865,Street,38.597467,-105.136594
160,44060,STORE-61,Harvey Ledford,Jim Halpert,4,January,335899.37,50714.06,33999.93,251185.38,155986.12098,95199.25902,42914,52285.25902,0.379,0.20815406939687334,Street,31.451875,-87.079012
161,44061,STORE-62,Randall Bray,Andy Bernard,2,January,212712.09000000003,23900.73,80015.79,108795.57000000002,67997.23125000001,40798.33875000001,41591,-792.6612499999901,0.375,-0.00728578608485612,Street,40.679177,-96.397916
162,44062,STORE-63,Randall Bray,Andy Bernard,2,January,571128.3,34688.44,37454.4,498985.4600000001,317354.75256000005,181630.70744000003,35753,145877.70744000003,0.364,0.29234861360489345,Street,30.735895,-88.756715
163,44063,STORE-64,Randall Bray,Andy Bernard,4,January,447269.88,47100.71,56426.47,343742.69999999995,218620.35719999997,125122.34279999998,29360,95762.34279999998,0.364,0.2785872770534472,Street,39.432187,-92.998574
164,44064,STORE-65,Randall Bray,Andy Bernard,3,January,158574.82,37207.380000000005,53884.24,67483.20000000001,42986.79840000001,24496.401600000005,41038,-16541.598399999995,0.363,-0.2451217251108423,Street,40.522517,-110.457209
165,44065,STORE-66,Wally Causey,Phyllis Vance,5,January,329354.43000000005,52638.28,45360.73,231355.42,145985.27002,85370.14998000002,31068,54302.14998000002,0.36900000000000005,0.23471310929305228,Street,37.04002,-107.088006
166,44066,STORE-67,Randall Bray,Andy Bernard,2,January,1418890.35,41814.479999999996,47119.96,1329955.9100000001,841862.0910300001,488093.81897,38826,449267.81897,0.367,0.3378065510231839,Street,36.911472,-102.730012
167,44067,STORE-68,Randall Bray,Andy Bernard,3,January,323335.16,33174.86,14988.529999999999,275171.77,176109.9328,99061.83720000001,25972,73089.83720000001,0.36,0.2656153180248105,Street,36.847656,-97.127651
168,44068,STORE-69,Randall Bray,Andy Bernard,5,January,158213.12,82120.79,12166.0,63926.33,40337.51423,23588.81577,39350,-15761.184229999999,0.369,-0.24655230841501458,Street,38.694766,-94.436787
169,44069,STORE-70,Wally Causey,Phyllis Vance,5,January,233836.11,86033.8,77258.1,70544.20999999999,42820.33546999999,27723.87453,33942,-6218.125469999999,0.39300000000000007,-0.08814508618070852,Street,35.058124,-95.592444
100,44000,STORE-1,Harvey Ledford,Jim Halpert,3,February,134950.08999999997,77991.15,32973.05,23985.88999999997,14631.39289999998,9354.49709999999,42664,-33309.50290000001,0.39000000000000007,-1.3887124013326189,Shopping Mall,34.146176,-98.028206
101,44001,STORE-2,Randall Bray,Andy Bernard,5,February,81755.57999999997,16552.04,24033.25,41170.28999999997,25854.94211999998,15315.34787999999,29436,-14120.65212000001,0.372,-0.3429816044531146,Street,34.676031,-109.433871
102,44002,STORE-3,Wally Causey,Stanley Hudson,3,February,118807.59999999998,56170.73,10047.0,52589.86999999997,33289.38770999998,19300.482289999993,35544,-16243.517710000007,0.36700000000000005,-0.3088716079731708,Street,35.679489,-91.919907
103,44003,STORE-4,Ingram Warwick,Ryan Howard,3,February,142831.18,43766.9,23685.85,75378.43,47036.14031999999,28342.28968,34976,-6633.710319999998,0.37600000000000006,-0.08800541905688403,Street,33.164729,-99.918756
104,44004,STORE-5,Brannon Ramsey,Dwight Schrute,4,February,136266.32,31383.010000000002,73521.86,31361.449999999997,19130.4845,12230.965499999998,39417,-27186.0345,0.39,-0.8668615290428218,Street,31.510869,-109.534449
105,44005,STORE-6,Brannon Ramsey,Dwight Schrute,4,February,120680.16999999998,16411.71,42339.0,61929.45999999999,38334.335739999995,23595.124259999997,35854,-12258.875740000003,0.381,-0.19794901715597077,Street,34.049425,-87.678941
106,44006,STORE-7,Brannon Ramsey,Dwight Schrute,2,February,158234.87,52395.22,76240.74,29598.90999999999,18292.126379999994,11306.783619999995,28022,-16715.216380000005,0.38199999999999995,-0.5647240516627137,Street,37.622968,-97.812133
107,44007,STORE-8,Kelsey Coombs,Andy Bernard,5,February,156317.7,17414.52,33081.69,105821.49000000002,67408.28913000002,38413.20087,40701,-2287.7991299999994,0.36299999999999993,-0.021619418985689948,Shopping Mall,31.182153,-89.723029
108,44008,STORE-9,Randall Bray,Andy Bernard,5,February,357758.38,34580.11,66588.41,256589.86000000002,162934.5611,93655.29890000002,44542,49113.29890000002,0.36500000000000005,0.19140779335551303,Street,38.455399,-93.149199
109,44009,STORE-10,Randall Bray,Andy Bernard,5,February,184131.96000000005,29127.89,28555.0,126449.07000000007,80674.50666000004,45774.56334000002,27643,18131.563340000022,0.362,0.1433902466819251,Shopping Mall,36.383816,-94.109348
110,44010,STORE-11,Randall Bray,Andy Bernard,4,February,206913.72999999998,75023.02,69992.0,61898.70999999996,38686.69374999998,23212.016249999986,39239,-16026.983750000014,0.375,-0.2589227424933415,Street,33.932914,-87.485309
111,44011,STORE-12,Randall Bray,Andy Bernard,2,February,355274.58,89424.73999999999,18508.35,247341.49000000002,152362.35784,94979.13216000001,35812,59167.13216000001,0.384,0.23921232204107773,Street,36.522866,-93.76559
112,44012,STORE-13,Randall Bray,Andy Bernard,5,February,228044.28,49813.2,84478.0,93753.08000000002,59345.69964000001,34407.38036,41118,-6710.619639999997,0.367,-0.07157759126420163,Shopping Mall,36.464718,-89.618455
113,44013,STORE-14,Randall Bray,Andy Bernard,2,February,438130.31,99886.09,24910.38,313333.83999999997,198340.32072,114993.51927999998,41281,73712.51927999998,0.367,0.23525234069834267,Street,39.73203,-87.447292
114,44014,STORE-15,Randall Bray,Andy Bernard,4,February,298099.20999999996,32266.3,15742.86,250090.05,158307.00165,91783.04835,40070,51713.04835,0.367,0.20677771206811307,Shopping Mall,34.972523,-104.025447
115,44015,STORE-16,Randall Bray,Andy Bernard,4,February,188051.13999999996,19712.03,88022.0,80317.10999999996,49395.02264999997,30922.087349999987,42688,-11765.912650000013,0.38500000000000006,-0.14649322728370107,Street,39.600952,-95.834131
116,44016,STORE-17,Randall Bray,Andy Bernard,5,February,289680.6400000001,54715.35,62722.74,172242.55000000008,104723.47040000005,67519.07960000003,30432,37087.07960000003,0.39199999999999996,0.21531891858312602,Street,37.112439,-102.380621
117,44017,STORE-18,Harvey Ledford,Jim Halpert,5,February,369436.00999999995,47946.00000000001,16347.53,305142.4799999999,186442.05527999994,118700.42471999998,28666,90034.42471999998,0.389,0.2950569999955431,Street,38.70457,-93.939762
118,44018,STORE-19,Randall Bray,Andy Bernard,4,February,143617.39,48857.6,52502.0,42257.79000000001,26326.603170000006,15931.186830000002,36842,-20910.813169999998,0.377,-0.49483925141376284,Street,40.561655,-89.745724
119,44019,STORE-20,Harvey Ledford,Jim Halpert,2,February,290144.82999999996,32512.06,43983.0,213649.76999999996,135667.60394999996,77982.16605,34941,43041.16605,0.36500000000000005,0.20145664584614348,Street,36.58899,-107.689702
120,44020,STORE-21,Harvey Ledford,Jim Halpert,3,February,155206.53000000003,35718.95,59394.0,60093.58000000003,38039.23614000002,22054.343860000008,29698,-7643.656139999992,0.36699999999999994,-0.12719588581675426,Street,30.912985,-110.089665
121,44021,STORE-22,Wally Causey,Stanley Hudson,3,February,202907.74999999997,49065.44,83196.0,70646.30999999997,43094.24909999998,27552.06089999999,31930,-4377.9391000000105,0.39,-0.061969819796674624,Street,37.061937,-107.874561
122,44022,STORE-23,Harvey Ledford,Jim Halpert,3,February,317998.64999999997,75569.26999999999,116820.67,125608.70999999998,76746.92180999999,48861.78818999999,36934,11927.788189999992,0.389,0.09495988128530254,Street,32.664399,-91.057562
123,44023,STORE-24,Harvey Ledford,Jim Halpert,4,February,103980.43,37385.92,39675.0,26919.509999999995,16878.532769999998,10040.977229999997,42070,-32029.022770000003,0.37299999999999994,-1.1898070496082584,Street,31.067691,-105.976465
124,44024,STORE-25,Ingram Warwick,Ryan Howard,3,February,162793.96000000002,83997.03,31981.99,46814.94000000002,28838.00304000001,17976.936960000006,26773,-8796.063039999994,0.384,-0.1878900846610076,Street,38.603775,-110.312988
125,44025,STORE-26,Wally Causey,Stanley Hudson,3,February,133944.84999999998,45441.87,46607.02,41895.959999999985,25682.22347999999,16213.736519999995,34093,-17879.263480000005,0.387,-0.42675387984903584,Street,32.388619,-108.142988
126,44026,STORE-27,Wally Causey,Stanley Hudson,5,February,124585.07,20035.79,46033.15,58516.13,35694.83929999999,22821.290700000005,40064,-17242.709299999995,0.3900000000000001,-0.29466592031974764,Street,39.004355,-106.244147
127,44027,STORE-28,Wally Causey,Stanley Hudson,3,February,202374.91,37260.43,78532.81,86581.67000000001,54373.28876000001,32208.381240000002,34120,-1911.6187599999976,0.372,-0.0220787928899962,Street,37.62875,-89.605427
128,44028,STORE-29,Wally Causey,Stanley Hudson,2,February,129673.76000000001,88199.25,21006.0,20468.51000000001,13079.377890000007,7389.132110000002,29502,-22112.867889999998,0.36099999999999993,-1.0803359839089406,Shopping Mall,33.868401,-87.419234
129,44029,STORE-30,Wally Causey,Phyllis Vance,4,February,133368.15,34500.73,76105.63,22761.78999999998,14157.833379999987,8603.956619999992,43103,-34499.04338000001,0.378,-1.5156559910270695,Street,30.750162,-89.643874
130,44030,STORE-31,Harvey Ledford,Jim Halpert,3,February,232148.08000000002,94298.34,49405.71,88444.03000000003,55985.07099000002,32458.959010000006,33186,-727.040989999994,0.36699999999999994,-0.008220351220992461,Street,30.979927,-104.578738
131,44031,STORE-32,Ingram Warwick,Ryan Howard,5,February,148429.57,27380.27,90409.22,30640.08,19609.6512,11030.428800000002,42779,-31748.5712,0.36000000000000004,-1.0361778167681024,Street,37.289158,-94.424026
132,44032,STORE-33,Ingram Warwick,Ryan Howard,2,February,146627.21000000002,85781.21,59044.0,1802.0000000000146,1126.250000000009,675.7500000000055,33766,-33090.24999999999,0.375,-18.36306881243048,Shopping Mall,30.525761,-89.811436
133,44033,STORE-34,Brannon Ramsey,Dwight Schrute,3,February,97844.54000000001,10434.24,20129.0,67281.3,41445.2808,25836.019200000002,36932,-11095.980799999998,0.384,-0.1649192390753448,Street,33.186391,-102.625034
134,44034,STORE-35,Brannon Ramsey,Dwight Schrute,4,February,177309.27000000002,45230.58,72115.8,59962.89,36457.43712,23505.452879999997,40664,-17158.547120000003,0.39199999999999996,-0.28615277082208684,Street,31.005534,-102.320489
135,44035,STORE-36,Brannon Ramsey,Dwight Schrute,5,February,181822.4,27187.66,30997.05,123637.68999999999,76160.81704,47476.87295999999,25141,22335.872959999993,0.384,0.18065585793458286,Street,34.354906,-88.256374
136,44036,STORE-37,Brannon Ramsey,Dwight Schrute,2,February,88699.20000000001,29783.57,38255.01,20660.62000000001,12747.602540000007,7913.017460000003,32308,-24394.982539999997,0.38299999999999995,-1.1807478449339848,Street,34.623301,-108.233001
137,44037,STORE-38,Brannon Ramsey,Dwight Schrute,3,February,121715.55999999998,27738.14,35437.37,58540.04999999998,36060.67079999999,22479.37919999999,33566,-11086.620800000012,0.38399999999999995,-0.18938522942840014,Street,33.471611,-88.783256
138,44038,STORE-39,Brannon Ramsey,Dwight Schrute,3,February,89790.95999999999,15065.18,66776.0,7949.779999999999,4897.064479999999,3052.7155199999997,29747,-26694.284480000002,0.384,-3.357864554742396,Street,33.218826,-93.529274
139,44039,STORE-40,Brannon Ramsey,Pam Beesly,5,February,153037.97,44556.47,29540.88,78940.62,49653.64998,29286.970019999993,24303,4983.970019999993,0.37099999999999994,0.06313568375824757,Street,32.310005,-105.562153
170,44070,STORE-71,Brannon Ramsey,Pam Beesly,5,February,127046.36,36145.6,33306.0,57594.76000000001,35247.99312000001,22346.766880000003,26027,-3680.233119999997,0.388,-0.06389874912231593,Street,38.412523,-95.06777
140,44040,STORE-41,Harvey Ledford,Jim Halpert,3,February,157969.03,31969.73,41718.34,84280.96,51158.542720000005,33122.41728,25174,7948.4172800000015,0.39299999999999996,0.09430857550744558,Street,37.490538,-105.381795
141,44041,STORE-42,Ingram Warwick,Ryan Howard,2,February,201093.63,74836.58,68777.8,57479.25,35119.82175,22359.428249999997,38950,-16590.571750000003,0.38899999999999996,-0.2886358424996847,Street,30.696574,-98.601352
142,44042,STORE-43,Ingram Warwick,Ryan Howard,4,February,174584.7,40252.89,77604.75,56727.06,34603.50659999999,22123.553400000004,40248,-18124.446599999996,0.39000000000000007,-0.31950266063497734,Shopping Mall,39.646168,-106.05719
143,44043,STORE-44,Randall Bray,Andy Bernard,5,February,193475.09,50571.15,93500.27,49403.67,29938.62402,19465.04598,43844,-24378.95402,0.394,-0.49346443331031886,Street,32.175478,-97.905375
144,44044,STORE-45,Randall Bray,Andy Bernard,2,February,222506.21,63813.92,46025.42,112666.86999999998,70191.46000999998,42475.40999,25212,17263.40999,0.37700000000000006,0.15322525592483402,Street,32.07916,-102.261017
145,44045,STORE-46,Wally Causey,Phyllis Vance,4,February,319181.04,80954.66,87293.57,150932.80999999997,96446.06558999998,54486.744409999985,34800,19686.744409999985,0.361,0.13043382952984173,Street,40.567432,-98.948544
146,44046,STORE-47,Wally Causey,Phyllis Vance,3,February,218515.71999999994,13896.91,26566.0,178052.80999999994,113419.63996999996,64633.17002999998,34619,30014.17002999998,0.363,0.16856892081624542,Street,33.898039,-109.707136
147,44047,STORE-48,Harvey Ledford,Jim Halpert,3,February,385442.45999999996,54414.1,26556.75,304471.61,187554.51176,116917.09823999999,42497,74420.09823999999,0.384,0.2444237682455845,Street,39.260631,-109.04824
148,44048,STORE-49,Wally Causey,Phyllis Vance,4,February,233503.30000000002,89369.08,88496.0,55638.22000000003,34996.440380000015,20641.779620000016,24777,-4135.220379999984,0.3710000000000001,-0.07432337662851152,Street,36.895034,-92.069637
149,44049,STORE-50,Harvey Ledford,Jim Halpert,5,February,137993.78999999998,18582.9,29254.99,90155.89999999998,55175.41079999998,34980.489199999996,40488,-5507.510800000004,0.38800000000000007,-0.06108874516254627,Street,39.482407,-87.021234
150,44050,STORE-51,Ingram Warwick,Ryan Howard,4,February,119829.82999999997,44699.87,41825.86,33304.09999999996,20315.500999999975,12988.598999999987,38339,-25350.401000000013,0.39000000000000007,-0.7611795844956039,Street,34.760347,-104.026985
151,44051,STORE-52,Harvey Ledford,Jim Halpert,3,February,262951.87,36750.41,68235.31,157966.15,98412.91145,59553.238549999995,24319,35234.238549999995,0.377,0.22304929600423887,Street,36.283212,-100.3628
152,44052,STORE-53,Ingram Warwick,Ryan Howard,5,February,233496.79,67110.81,78026.07,88359.91,53899.5451,34460.3649,42313,-7852.6350999999995,0.39,-0.08887101741049758,Street,38.170782,-93.930379
153,44053,STORE-54,Wally Causey,Phyllis Vance,3,February,178688.69,90833.92,61978.0,25876.770000000004,16121.227710000003,9755.542290000001,35226,-25470.45771,0.377,-0.9842981836604798,Street,34.024513,-101.414346
154,44054,STORE-55,Harvey Ledford,Jim Halpert,5,February,917823.92,73220.37,72640.08,771963.4700000001,490968.7669200001,280994.70308,28416,252578.70308,0.364,0.32718996804343603,Street,31.052989,-91.608034
155,44055,STORE-56,Harvey Ledford,Jim Halpert,4,February,230525.63999999998,44220.04,30734.32,155571.27999999997,98476.62023999999,57094.65975999998,40657,16437.65975999998,0.36699999999999994,0.10565998917023749,Street,32.781247,-92.479227
156,44056,STORE-57,Harvey Ledford,Jim Halpert,5,February,309478.5,63173.380000000005,51538.240000000005,194766.88,122703.13440000001,72063.7456,35858,36205.745599999995,0.36999999999999994,0.18589272262306605,Street,34.785672,-91.537932
157,44057,STORE-58,Randall Bray,Andy Bernard,5,February,165247.09999999998,26489.41,51888.14,86869.54999999997,52816.686399999984,34052.86359999999,38181,-4128.13640000001,0.392,-0.047521098014206495,Street,34.052069,-98.989176
158,44058,STORE-59,Harvey Ledford,Jim Halpert,3,February,760874.3900000002,63678.89,96568.23999999999,600627.2600000002,373590.15572000016,227037.1042800001,26623,200414.1042800001,0.378,0.3336746725082042,Street,31.727831,-103.346182
159,44059,STORE-60,Randall Bray,Andy Bernard,5,February,178280.94,30106.65,30014.75,118159.54000000001,75031.30790000001,43128.232099999994,39223,3905.232099999994,0.36499999999999994,0.03305050188922531,Street,38.597467,-105.136594
160,44060,STORE-61,Harvey Ledford,Jim Halpert,4,February,493946.0900000001,83954.83,109531.39,300459.87000000005,185984.65953000003,114475.21047000002,42717,71758.21047000002,0.381,0.2388279355575838,Street,31.451875,-87.079012
161,44061,STORE-62,Randall Bray,Andy Bernard,2,February,197247.91,41126.240000000005,61256.33,94865.33999999998,57772.99205999999,37092.34793999999,40966,-3873.6520600000076,0.391,-0.04083316477862208,Street,40.679177,-96.397916
162,44062,STORE-63,Randall Bray,Andy Bernard,2,February,408224.28,110011.84,52861.65,245350.79000000007,154816.34849000006,90534.44151,24068,66466.44151,0.36899999999999994,0.2709037191606352,Street,30.735895,-88.756715
163,44063,STORE-64,Randall Bray,Andy Bernard,4,February,387436.02999999997,115873.56,63907.47,207654.99999999997,132068.58,75586.41999999998,30728,44858.419999999984,0.364,0.21602378945847675,Street,39.432187,-92.998574
164,44064,STORE-65,Randall Bray,Andy Bernard,3,February,213763.02,40290.85,45852.95,127619.21999999999,79251.53561999998,48367.684380000006,30893,17474.684380000006,0.3790000000000001,0.13692831205205616,Street,40.522517,-110.457209
165,44065,STORE-66,Wally Causey,Phyllis Vance,5,February,445713.17000000004,25744.45,48928.04,371040.68000000005,233384.58772000004,137656.09228,42600,95056.09228000001,0.371,0.2561877912686016,Street,37.04002,-107.088006
166,44066,STORE-67,Randall Bray,Andy Bernard,2,February,1309071.55,78373.18000000002,98882.86000000002,1131815.51,692671.0921199999,439144.4178800001,30203,408941.4178800001,0.38800000000000007,0.3613145554790993,Street,36.911472,-102.730012
167,44067,STORE-68,Randall Bray,Andy Bernard,3,February,300648.44000000006,85578.76999999999,63842.89,151226.7800000001,94819.19106000006,56407.58894000003,27285,29122.58894000003,0.373,0.19257560691300848,Street,36.847656,-97.127651
168,44068,STORE-69,Randall Bray,Andy Bernard,5,February,188995.67000000004,34681.93,33956.58,120357.16000000005,75102.86784000002,45254.292160000026,33562,11692.292160000026,0.37600000000000006,0.09714662725507998,Street,38.694766,-94.436787
169,44069,STORE-70,Wally Causey,Phyllis Vance,5,February,299136.05999999994,41591.42999999999,46134.2,211410.42999999993,131708.69788999995,79701.73210999998,32623,47078.73210999998,0.37700000000000006,0.22268878649932267,Street,35.058124,-95.592444
171,44071,STORE-72,Ingram Warwick,Ryan Howard,2,February,152159.65,25230.78,48918.0,78010.87,48600.77201,29410.097989999995,37461,-8050.902010000005,0.37699999999999995,-0.10320231026778712,Shopping Mall,38.531884,-106.88793
172,44072,STORE-73,Ingram Warwick,Ryan Howard,2,February,188658.02000000005,29096.99,11256.4,148304.63000000006,94470.04931000003,53834.58069000003,38700,15134.580690000032,0.36300000000000004,0.10205062842609854,Street,38.383655,-88.426826
100,44000,STORE-1,Harvey Ledford,Jim Halpert,3,March,272501.44000000006,36795.4,43540.61,192165.43000000005,118566.07031000002,73599.35969000003,26771,46828.35969000003,0.38300000000000006,0.24368774180662992,Shopping Mall,34.146176,-98.028206
101,44001,STORE-2,Randall Bray,Andy Bernard,5,March,254862.93,29848.5,28608.0,196406.43,119218.70301,77187.72699,33586,43601.726989999996,0.393,0.22199745186550154,Street,34.676031,-109.433871
102,44002,STORE-3,Wally Causey,Stanley Hudson,3,March,138869.03999999998,13772.17,38381.0,86715.86999999998,54110.70287999998,32605.16712,40498,-7892.832880000002,0.37600000000000006,-0.09101947405936195,Street,35.679489,-91.919907
103,44003,STORE-4,Ingram Warwick,Ryan Howard,3,March,132319.45,21801.5,83868.0,26649.95000000001,16709.518650000005,9940.431350000006,28274,-18333.568649999994,0.37300000000000005,-0.6879400768106502,Street,33.164729,-99.918756
104,44004,STORE-5,Brannon Ramsey,Dwight Schrute,4,March,149157.93,29440.04,29601.15,90116.73999999999,57404.363379999995,32712.376619999995,30035,2677.3766199999955,0.363,0.029710091820898045,Street,31.510869,-109.534449
105,44005,STORE-6,Brannon Ramsey,Dwight Schrute,4,March,199364.88999999996,84575.37,32155.0,82634.51999999996,50737.59527999998,31896.92471999998,27139,4757.924719999981,0.38599999999999995,0.05757793135362779,Street,34.049425,-87.678941
106,44006,STORE-7,Brannon Ramsey,Dwight Schrute,2,March,192456.81000000006,47521.899999999994,51196.1,93738.81000000006,57649.36815000003,36089.441850000025,34709,1380.4418500000247,0.385,0.014726470818223784,Street,37.622968,-97.812133
107,44007,STORE-8,Kelsey Coombs,Andy Bernard,5,March,224650.24000000002,94506.94,64422.0,65721.30000000002,40944.36990000001,24776.930100000005,41603,-16826.069899999995,0.377,-0.25602156226367995,Shopping Mall,31.182153,-89.723029
108,44008,STORE-9,Randall Bray,Andy Bernard,5,March,346420.04,54010.81999999999,33692.509999999995,258716.70999999996,161439.22703999997,97277.48296,43486,53791.482959999994,0.37600000000000006,0.20791653913657143,Street,38.455399,-93.149199
109,44009,STORE-10,Randall Bray,Andy Bernard,5,March,232611.59000000003,53014.020000000004,38490.85,141106.72,89320.55376000001,51786.16623999999,37185,14601.166239999991,0.36699999999999994,0.10347605160122772,Shopping Mall,36.383816,-94.109348
110,44010,STORE-11,Randall Bray,Andy Bernard,4,March,187994.36,22298.83,60217.66,105477.86999999997,64868.89004999998,40608.979949999986,30938,9670.979949999986,0.385,0.09168728900194884,Street,33.932914,-87.485309
111,44011,STORE-12,Randall Bray,Andy Bernard,2,March,468647.75999999995,86419.11,37438.13,344790.51999999996,215149.28447999997,129641.23551999999,43328,86313.23551999999,0.376,0.25033529204921295,Street,36.522866,-93.76559
112,44012,STORE-13,Randall Bray,Andy Bernard,5,March,364517.97,47313.92,18254.43,298949.62,182060.31858,116889.30142,42112,74777.30142,0.391,0.2501334553293629,Shopping Mall,36.464718,-89.618455
113,44013,STORE-14,Randall Bray,Andy Bernard,2,March,609930.15,59664.48,93142.17,457123.50000000006,282959.4465,174164.05350000004,25230,148934.05350000004,0.38100000000000006,0.3258070379230121,Street,39.73203,-87.447292
114,44014,STORE-15,Randall Bray,Andy Bernard,4,March,325749.67000000004,38281.69,65804.34,221663.64000000004,141643.06596000004,80020.57404,24699,55321.57404000001,0.361,0.24957441842965314,Shopping Mall,34.972523,-104.025447
115,44015,STORE-16,Randall Bray,Andy Bernard,4,March,315360.27,58555.84000000001,58944.82000000001,197859.61,122475.09859,75384.51140999999,28028,47356.51140999999,0.381,0.2393440046202456,Street,39.600952,-95.834131
116,44016,STORE-17,Randall Bray,Andy Bernard,5,March,416433.7,61620.340000000004,30082.27,324731.08999999997,204255.85560999997,120475.23439,33067,87408.23439,0.37100000000000005,0.26917112984161756,Street,37.112439,-102.380621
117,44017,STORE-18,Harvey Ledford,Jim Halpert,5,March,426771.9,55785.71,37564.58,333421.61,211389.30073999998,122032.30926000001,30356,91676.30926000001,0.36600000000000005,0.2749561111530834,Street,38.70457,-93.939762
118,44018,STORE-19,Randall Bray,Andy Bernard,4,March,158336.82,26308.05,37892.0,94136.77000000002,57705.84001000001,36430.92999000001,26620,9810.929990000011,0.38700000000000007,0.10421995560289576,Street,40.561655,-89.745724
119,44019,STORE-20,Harvey Ledford,Jim Halpert,2,March,399563.13,42680.619999999995,76537.56,280344.95,171851.45435,108493.49565,42983,65510.49565,0.38699999999999996,0.23367817272970315,Street,36.58899,-107.689702
120,44020,STORE-21,Harvey Ledford,Jim Halpert,3,March,167348.72,26880.800000000003,71791.8,68676.11999999998,42510.51827999999,26165.60171999999,31763,-5597.3982800000085,0.381,-0.08150428824458938,Street,30.912985,-110.089665
121,44021,STORE-22,Wally Causey,Stanley Hudson,3,March,230770.63,31111.27,30082.27,169577.09000000003,108359.76051000002,61217.329490000004,33160,28057.329490000004,0.361,0.16545471732060033,Street,37.061937,-107.874561
122,44022,STORE-23,Harvey Ledford,Jim Halpert,3,March,248565.72,80053.62,33793.07,134719.03,85411.86502,49307.16498,37997,11310.164980000001,0.366,0.08395372932836587,Street,32.664399,-91.057562
123,44023,STORE-24,Harvey Ledford,Jim Halpert,4,March,224637.88000000006,78241.14,68646.0,77750.74000000005,47427.95140000003,30322.78860000002,27356,2966.7886000000217,0.39,0.038157689560253956,Street,31.067691,-105.976465
124,44024,STORE-25,Ingram Warwick,Ryan Howard,3,March,166952.83000000002,22006.88,14738.0,130207.95000000001,79557.05745000001,50650.892550000004,39488,11162.892550000004,0.389,0.08573126717685059,Street,38.603775,-110.312988
125,44025,STORE-26,Wally Causey,Stanley Hudson,3,March,182665.52,36208.92,67258.0,79198.59999999998,48548.74179999999,30649.858199999988,44448,-13798.141800000012,0.38699999999999996,-0.17422204180376946,Street,32.388619,-108.142988
126,44026,STORE-27,Wally Causey,Stanley Hudson,5,March,159492.34999999998,63209.28,26780.54,69502.52999999997,44412.11666999998,25090.41332999999,39962,-14871.586670000012,0.361,-0.21397187512454607,Street,39.004355,-106.244147
127,44027,STORE-28,Wally Causey,Stanley Hudson,3,March,127142.82,24358.440000000002,53590.0,49194.380000000005,30648.09874,18546.281260000003,38017,-19470.718739999997,0.37700000000000006,-0.3957915261865277,Street,37.62875,-89.605427
128,44028,STORE-29,Wally Causey,Stanley Hudson,2,March,138971.29,26099.71,26479.24,86392.34000000001,55031.920580000005,31360.419420000006,28502,2858.4194200000056,0.36300000000000004,0.03308649146440536,Shopping Mall,33.868401,-87.419234
129,44029,STORE-30,Wally Causey,Phyllis Vance,4,March,224734.37000000002,67506.24,29142.19,128085.94,81590.74378,46495.19622,25763,20732.196219999998,0.363,0.16186160807345443,Street,30.750162,-89.643874
130,44030,STORE-31,Harvey Ledford,Jim Halpert,3,March,141692.73000000004,50427.31,28887.42,62378.000000000044,37863.446000000025,24514.55400000002,34172,-9657.445999999982,0.393,-0.15482134726987037,Street,30.979927,-104.578738
131,44031,STORE-32,Ingram Warwick,Ryan Howard,5,March,177573.65,88428.25,25036.92,64108.479999999996,40388.342399999994,23720.137600000002,37000,-13279.862399999998,0.37000000000000005,-0.207146736282002,Street,37.289158,-94.424026
136,44036,STORE-37,Brannon Ramsey,Dwight Schrute,2,March,163411.02000000002,35284.66,32891.24,95235.12000000002,59426.714880000014,35808.40512000001,32129,3679.4051200000104,0.376,0.038634960716172874,Street,34.623301,-108.233001
137,44037,STORE-38,Brannon Ramsey,Dwight Schrute,3,March,213548.18000000002,74572.72,83985.56,54989.90000000002,34313.697600000014,20676.20240000001,26058,-5381.797599999991,0.376,-0.09786883773201967,Street,33.471611,-88.783256
138,44038,STORE-39,Brannon Ramsey,Dwight Schrute,3,March,187165.61,70695.13,38071.8,78398.67999999998,48842.37763999999,29556.302359999987,43009,-13452.697640000013,0.37699999999999995,-0.17159342019534024,Street,33.218826,-93.529274
139,44039,STORE-40,Brannon Ramsey,Pam Beesly,5,March,175887.97999999998,80551.84,31512.71,63823.429999999986,39251.40944999999,24572.020549999994,35607,-11034.979450000006,0.385,-0.17289856483739605,Street,32.310005,-105.562153
170,44070,STORE-71,Brannon Ramsey,Pam Beesly,5,March,124313.40999999999,25710.46,39522.0,59080.94999999998,36630.188999999984,22450.761,27945,-5494.239000000001,0.3800000000000001,-0.09299510248227226,Street,38.412523,-95.06777
140,44040,STORE-41,Harvey Ledford,Jim Halpert,3,March,118960.45000000001,48113.75,25279.85,45566.85000000001,28707.115500000007,16859.734500000006,38545,-21685.265499999994,0.37000000000000005,-0.47590003478405873,Street,37.490538,-105.381795
141,44041,STORE-42,Ingram Warwick,Ryan Howard,2,March,169772.51,95951.02,37349.27,36472.22000000001,23086.915260000005,13385.304740000003,38138,-24752.695259999997,0.367,-0.6786725694240711,Street,30.696574,-98.601352
142,44042,STORE-43,Ingram Warwick,Ryan Howard,4,March,176276.07,43262.5,58690.92,74322.65000000001,45485.461800000005,28837.188200000004,42047,-13209.811799999996,0.388,-0.17773601721682414,Shopping Mall,39.646168,-106.05719
143,44043,STORE-44,Randall Bray,Andy Bernard,5,March,179488.29,29267.829999999998,46549.32,103671.14000000001,63135.72426000001,40535.415740000004,31319,9216.415740000004,0.39099999999999996,0.08890049574066614,Street,32.175478,-97.905375
144,44044,STORE-45,Randall Bray,Andy Bernard,2,March,291959.03,40481.97,54013.29,197463.77000000002,122625.00117000002,74838.76883,40787,34051.76883,0.37899999999999995,0.17244565334694054,Street,32.07916,-102.261017
145,44045,STORE-46,Wally Causey,Phyllis Vance,4,March,444342.53,82990.82,50635.8,310715.91000000003,196993.88694000003,113722.02306,29320,84402.02306,0.366,0.27163727489847556,Street,40.567432,-98.948544
146,44046,STORE-47,Wally Causey,Phyllis Vance,3,March,84847.84000000001,23210.19,25499.05,36138.600000000006,22369.793400000002,13768.806600000004,34572,-20803.193399999996,0.38100000000000006,-0.5756502299480332,Street,33.898039,-109.707136
147,44047,STORE-48,Harvey Ledford,Jim Halpert,3,March,410179.2300000001,48726.42,30278.58,331174.2300000001,208308.59067000006,122865.63933000003,30791,92074.63933000003,0.371,0.278024770616965,Street,39.260631,-109.04824
148,44048,STORE-49,Wally Causey,Phyllis Vance,4,March,344540.63,66663.73,66088.0,211788.90000000002,128767.65120000001,83021.24880000002,38453,44568.248800000016,0.392,0.2104371324465069,Street,36.895034,-92.069637
149,44049,STORE-50,Harvey Ledford,Jim Halpert,5,March,267872.35000000003,20651.66,40581.79,206638.90000000002,129975.86810000002,76663.0319,40714,35949.0319,0.37099999999999994,0.17397030230029292,Street,39.482407,-87.021234
150,44050,STORE-51,Ingram Warwick,Ryan Howard,4,March,200259.61,48433.979999999996,31296.89,120528.74,76415.22116,44113.518840000004,41827,2286.5188400000043,0.366,0.018970735444508953,Street,34.760347,-104.026985
151,44051,STORE-52,Harvey Ledford,Jim Halpert,3,March,252324.96000000002,46173.41,33349.86,172801.69,108346.65963000001,64455.03036999999,44085,20370.030369999993,0.37299999999999994,0.11788096730998403,Street,36.283212,-100.3628
152,44052,STORE-53,Ingram Warwick,Ryan Howard,5,March,289317.79,32418.42,42636.2,214263.16999999998,133485.95490999997,80777.21509000001,40325,40452.21509000001,0.3770000000000001,0.1887968664423289,Street,38.170782,-93.930379
153,44053,STORE-54,Wally Causey,Phyllis Vance,3,March,272799.28,70145.56999999999,39775.49,162878.22000000003,104079.18258000002,58799.03742000001,31377,27422.037420000008,0.361,0.16835914230889804,Street,34.024513,-101.414346
154,44054,STORE-55,Harvey Ledford,Jim Halpert,5,March,1178395.4800000002,130016.1,97520.24,950859.1400000002,592385.2442200002,358473.89578,44219,314254.89578,0.37699999999999995,0.33049574070455895,Street,31.052989,-91.608034
155,44055,STORE-56,Harvey Ledford,Jim Halpert,4,March,295596.36,92316.76000000001,52794.83,150484.76999999996,93150.07262999998,57334.69736999998,36570,20764.69736999998,0.38099999999999995,0.13798537466615382,Street,32.781247,-92.479227
156,44056,STORE-57,Harvey Ledford,Jim Halpert,5,March,298597.24999999994,54656.32,25577.879999999997,218363.04999999993,136476.90624999994,81886.14374999999,30737,51149.14374999999,0.37500000000000006,0.23423900586660612,Street,34.785672,-91.537932
157,44057,STORE-58,Randall Bray,Andy Bernard,5,March,231461.24999999997,58644.29,74250.57,98566.38999999996,61998.25930999997,36568.13068999998,28898,7670.130689999984,0.371,0.07781689772751124,Street,34.052069,-98.989176
158,44058,STORE-59,Harvey Ledford,Jim Halpert,3,March,1035442.1799999999,196300.98,149316.51,689824.69,420103.23620999994,269721.45379,29482,240239.45379,0.391,0.34826160511883103,Street,31.727831,-103.346182
159,44059,STORE-60,Randall Bray,Andy Bernard,5,March,135204.05,31328.88,73773.96,30101.209999999977,18602.547779999986,11498.662219999991,26782,-15283.337780000009,0.382,-0.5077316752383051,Street,38.597467,-105.136594
160,44060,STORE-61,Harvey Ledford,Jim Halpert,4,March,483565.75,39200.8,65937.36,378427.59,239923.09206000002,138504.49794,28771,109733.49794,0.366,0.28997224525833326,Street,31.451875,-87.079012
161,44061,STORE-62,Randall Bray,Andy Bernard,2,March,259013.0,66235.58,40587.28,152190.13999999998,96640.7389,55549.40109999999,36596,18953.40109999999,0.36499999999999994,0.12453764153183636,Street,40.679177,-96.397916
162,44062,STORE-63,Randall Bray,Andy Bernard,2,March,648090.84,94983.26,99253.48999999999,453854.08999999997,275943.28672,177910.80328,40427,137483.80328,0.392,0.3029251169246927,Street,30.735895,-88.756715
163,44063,STORE-64,Randall Bray,Andy Bernard,4,March,678538.7199999997,47356.36,32881.31,598301.0499999998,362570.4362999999,235730.61369999993,40424,195306.61369999993,0.394,0.32643535173471616,Street,39.432187,-92.998574
164,44064,STORE-65,Randall Bray,Andy Bernard,3,March,254410.27999999994,33753.49,41481.99,179174.79999999996,108759.10359999997,70415.69639999999,25221,45194.696399999986,0.393,0.2522380178462596,Street,40.522517,-110.457209
165,44065,STORE-66,Wally Causey,Phyllis Vance,5,March,519034.30999999994,69194.34,38209.270000000004,411630.69999999995,260973.86379999996,150656.8362,27850,122806.83619999999,0.366,0.2983422669883466,Street,37.04002,-107.088006
166,44066,STORE-67,Randall Bray,Andy Bernard,2,March,1636114.05,166908.23,128618.87000000001,1340586.95,853953.88715,486633.06285,44366,442267.06285,0.363,0.32990554089013024,Street,36.911472,-102.730012
167,44067,STORE-68,Randall Bray,Andy Bernard,3,March,360329.2300000001,76415.52,37308.99,246604.7200000001,157827.02080000006,88777.69920000003,38294,50483.69920000003,0.36,0.20471505654879604,Street,36.847656,-97.127651
168,44068,STORE-69,Randall Bray,Andy Bernard,5,March,264331.0800000001,43373.66,31576.559999999998,189380.86000000007,116469.22890000005,72911.63110000003,29300,43611.63110000003,0.385,0.23028531552766215,Street,38.694766,-94.436787
169,44069,STORE-70,Wally Causey,Phyllis Vance,5,March,288772.08999999997,59885.81,56636.36,172249.91999999998,110067.69887999998,62182.22112,37200,24982.221120000002,0.36100000000000004,0.1450347327882649,Street,35.058124,-95.592444
171,44071,STORE-72,Ingram Warwick,Ryan Howard,2,March,170999.27000000002,23121.01,43647.0,104231.26000000001,65769.92506000001,38461.33494,34732,3729.3349400000006,0.369,0.035779428743353964,Shopping Mall,38.531884,-106.88793
173,44073,STORE-74,Harvey Ledford,Jim Halpert,2,March,147038.05,27500.52,48237.22,71300.30999999998,44847.894989999986,26452.415009999997,24875,1577.415009999997,0.37100000000000005,0.022123536489532757,Street,38.16262,-89.292359
174,44074,STORE-75,Brannon Ramsey,Pam Beesly,4,March,201332.77999999997,79454.01,87370.37,34508.39999999998,21843.817199999987,12664.582799999993,38448,-25783.417200000007,0.367,-0.7471635080154404,Street,31.74235,-99.954493
175,44075,STORE-76,Randall Bray,Andy Bernard,2,March,369934.81999999995,67034.01,109796.75,193104.05999999994,122234.86997999996,70869.19001999998,26682,44187.19001999998,0.367,0.22882579485899981,Street,30.008669,-101.965103
176,44076,STORE-77,Randall Bray,Andy Bernard,2,March,188102.19,18309.42,21202.0,148590.77000000002,94800.91126000002,53789.858739999996,35183,18606.858739999996,0.36199999999999993,0.1252221705291654,Street,36.582503,-101.492335
172,44072,STORE-73,Ingram Warwick,Ryan Howard,2,March,351900.55000000005,58418.89,75825.22,217656.44000000003,138647.15228000004,79009.28772,39063,39946.28771999999,0.36299999999999993,0.1835290870327567,Street,38.383655,-88.426826
177,44077,STORE-78,Ingram Warwick,Ryan Howard,3,March,202549.41,40727.350000000006,93026.02,68796.04,43066.321039999995,25729.71896,27690,-1960.2810400000017,0.374,-0.02849409704395779,Street,32.261233,-90.713282
